INSERT INTO public.Users (Nickname, Password, Role) VALUES 
('TestUser1', '$2a$08$LwOq/vPD0AmKOAUBPw9GtOteaU92j3.LZvdawL.g7.YdiJzZNnVbe', 'manager'), 
('TestUser2', '$2a$08$qtJCXo37l37dJhicvEHWJe/4Ct.WA/izS6ZVgo0C8QFdIkMQ8lNDe', 'user'), 
('TestUser3', '$2a$08$dVgIwUHbLQ9eDR79hlebh.4T6f.lViFBZNsIgK64qF8qqYxyNZKxG', 'user'), 
('TestUser4', '$2a$08$UGNRe1l1MW6UKiHi/Ra8pu8YVwE6LDozFntng4HEShrWUeL4OAXAa', 'user'), 
('TestUser5', '$2a$08$ea8mNDmjxQ0A0V19ZP4knuBdQ3PvIVwd8OgYJ7D36l1hZBhbutLem', 'user'), 
('TestUser6', '$2a$08$MPdF72QxxPg8xnvAjhtxbe4oSjIMpVA8m7vhcS1otw3.wBQwAxm66', 'user'), 
('TestUser7', '$2a$08$4uyGsfq2boVutXhXhbYz3e1LGlLgbVCkKJQttSd/dY11hhC1AYHS6', 'user'), 
('TestUser8', '$2a$08$ERlvMLPGH6AgHgR2pIMFY.mYXRkmjqwGjwsAS8I.Se5KgfTrVuixq', 'user'), 
('TestUser9', '$2a$08$U7Rc9Ges5IKWOGTKISsaiOWKNp6eUlyvsITKfbE5BaOzy9XGwi40i', 'user'), 
('TestUser10', '$2a$08$i.2eVJ9dIkzsmZbKUsdaY.UX06ALF1d..jNPbGHkzhFJGleNxPeAe', 'user'), 
('TestUser11', '$2a$08$ykTOvXH0jQZW.cssUPAz.OKKSLJ2A21WaLnQ8rM5.RLfMJD/af1w2', 'user'), 
('TestUser12', '$2a$08$gE0zPLNPIz4La.Iz/OKr.egrlqCG69.jv8VO1BfZevi7ftosvML5m', 'user'), 
('TestUser13', '$2a$08$Q7v6jF0hZQ23nAxLHjjjh.ia3/6bkzsKvnsIFhhyUUwgwoclcwH6C', 'user'), 
('TestUser14', '$2a$08$./yyDNmYo5ni6Bl0kieK7uIT0cj1kN.AZYl8mRtNlxJR4.dyNrW8i', 'user'), 
('TestUser15', '$2a$08$WQc.gulZeSErJBni5RLIMufOhJtn50.WA6DpnxYfEsSFDrPrcDTl.', 'user');

INSERT INTO public.products (Available, Description,  Manufacturer, Name, Price, Quantity) VALUES 
(true, 'Description of the product',  'LEGO', 'LEGO Ninjago Water Dragon', 29890, 50),
(true, 'Description of the product',  'LEGO', 'LEGO Ninjago The Crystal King Temple', 59790, 30),
(true, 'Description of the product',  'LEGO', 'LEGO Ninjago Soras Transforming Mech Bike Racer', 38390, 55),
(true, 'Description of the product',  'LEGO', 'LEGO Star Wars AT-TE Walker', 110390, 43),
(false,'Description of the product',  'LEGO', 'LEGO Star Wars Luke Skywalker''s X-wing', 100229, 54),
(true, 'Description of the product',  'LEGO', 'LEGO City Space Cosmodrome', 119490, 20),
(true, 'Description of the product',  'LEGO', 'LEGO City Hospital', 77090, 25),
(true, 'Description of the product',  'LEGO', 'LEGO City Wildlife', 33890, 15),
(true, 'Description of the product',  'Attivio', 'Attivio Fortress', 6990, 25),
(true, 'Description of the product',  'Attivio', 'Attivio Roller coaster', 10990, 22),
(true, 'Description of the product',  'Attivio', 'Attivio Jeep', 9990, 10),
(true, 'Description of the product',  'Tenth Kingdom', 'Airplane', 3990, 10),
(true, 'Description of the product',  'TREFL', 'Animal World Puzzle (100 pieces)', 2990, 30),
(true, 'Description of the product',  'TREFL', 'Animal World Puzzle (200 pieces)', 4990, 30),
(true, 'Description of the product',  'TREFL', 'Space Puzzle (150 pieces)', 3590, 30),
(true, 'Description of the product',  'Shantou Jinhe Trading', 'Heroes (100 pieces)', 2590, 15),
(true, 'Description of the product',  'Shantou Jinhe Trading', 'Magic flowers (150 pieces)', 4600, 15),
(true, 'Description of the product',  'EPOCH Games', 'EPOCH Games Super Mario Air Hockey', 16290, 6),
(true, 'Description of the product',  'Hasbro Games', 'Hasbro Games Twister', 12390, 10),
(true, 'Description of the product',  'Attivio', 'Attivio Billiards', 12990, 23),
(true, 'Description of the product',  'Attivio', 'Attivio Football', 7890, 17),
(true, 'Description of the product',  'Attivio', 'Attivio Battleship', 2790, 30),
(true, 'Description of the product',  'Hasbro Games', 'Hasbro Games Classic Monopoly', 18790, 50),
(true, 'Description of the product',  'Attivio', 'Attivio magnetic chess', 1389, 40),
(true, 'Description of the product',  'Mobicaro', 'Mobicaro 1:32 Lamborghini Gallardo', 1590, 30),
(true, 'Description of the product',  'Demi Star', 'Demi Star Cabrio', 3990, 30),
(true, 'Description of the product',  'Mobicaro', 'Mobicaro Railway Set Fire station', 11390, 18),
(true, 'Description of the product',  'Play together', 'Play togetherRailway Russian Railways', 28690, 20),
(true, 'Description of the product',  'Nordplast', 'Nordplast Helicopter for Barbie dolls', 5690, 20),
(true, 'Description of the product',  'Mobicaro', 'Mobicaro Airplane inertial 1:200', 2690, 9),
(true, 'Description of the product',  'Monster High', 'Monster High Clawdeen doll', 24090, 6),
(true, 'Description of the product',  'Barbie', 'Barbie Nanny Set', 24090, 10),
(true, 'Description of the product',  'Barbie', 'Spring Milana Fashionista Doll', 27790, 5),
(true, 'Description of the product',  'Demi Star', 'Demi Star baby doll in a cradle', 8670, 9),
(true, 'Description of the product',  'Rastar', 'Rastar RC Car 1:24 Jeep Wrangler Rubicon Red', 4590, 9),
(true, 'Description of the product',  'Mobicaro', 'Mobicaro RC Car Storm green', 9590, 15),
(true, 'Description of the product',  'Hasbro Games', 'Captain Galaxy Action Figure', 9590, 14),
(true, 'Description of the product',  'Hasbro Games', 'Mystic Warrior Action Figure', 12590, '10'),
(true, 'Description of the product',  'Hasbro Games', 'Shadow Ninja Action Figure', 6590, 11),
(true, 'Description of the product',  'Hasbro Games', 'Dwarf Warrior Figure', 5580, 10),
(true, 'Description of the product',  'Hasbro Games', 'Wizard of the Ancient Realm Action Figure', 10690, 5),
(true, 'Description of the product',  'Hasbro Games', 'Elven Archer Figure', 10690, 5),
(true, 'Description of the product',  'Skillful hands', 'Sculpting Tools Set', 4690, 30),
(true, 'Description of the product',  'Skillful hands', 'Make-Your-Own Jewelry Kit', 5690, 30),
(true, 'Description of the product',  'Skillful hands', 'DIY Greeting Card Kit', 2690, 30),
(true, 'Description of the product',  'Fashion kids', 'Kids’ Doctor Costume Kit', 9670, 10),
(true, 'Description of the product',  'Fashion kids', 'Little Chef Cooking Set', 10680, 10),
(true, 'Description of the product',  'Fashion kids', 'Pirate Costume and Accessories', 12770, 10),
(true, 'Description of the product',  'Fashion kids', 'Fairy Princess Dress and Wand', 12670, 9),
(true, 'Description of the product',  'Fashion kids', 'Knight Armor and Sword Set', 15670, 6),
(true, 'Description of the product',  'Aurora', 'Teddy Bear', 5890, 50),
(true, 'Description of the product',  'Aurora', 'Small Teddy Bear with a Bow', 3090, 50),
(true, 'Description of the product',  'Aurora', 'Big Pink Teddy Bear', 13790, 30),
(true, 'Description of the product',  'Test Manufacturer', 'Test Prod', 10500.99, 100);

INSERT INTO public.attributes (name) VALUES 
('Constructor type'),
('Country of Origin'),
('Number of details'),
('age'),
('batteries included'),
('new_attribute2');


INSERT INTO public.ProductsAttributes (ProductId,  AttributeId,  Value) VALUES
 (1, 1, 'block'), 
 (2, 1, 'block'), 
 (3, 1, 'block'), 
 (4, 1, 'block'), 
 (5, 1, 'block'), 
 (6, 1, 'block'), 
 (7, 1, 'block'), 
 (8, 1, 'block'), 
 (9, 1, 'magnetic'), 
 (10, 1, 'magnetic'), 
 (11, 1, 'metal'), 
 (12, 1, 'metal'), 
 (1, 2, 'Czech'), 
 (2, 2, 'Czech'), 
 (3, 2, 'Czech'), 
 (4, 2, 'Czech'), 
 (5, 2, 'Czech'), 
 (6, 2, 'Czech'), 
 (7, 2, 'Czech'), 
 (8, 2, 'Czech'), 
 (9, 2, 'China'), 
 (10, 2, 'China'), 
 (11, 2, 'China'), 
 (12, 2, 'Russia'), 
 (13, 2, 'Poland'), 
 (14, 2, 'Poland'), 
 (15, 2, 'Poland'), 
 (16, 2, 'China'), 
 (17, 2, 'China'), 
 (18, 2, 'China'), 
 (19, 2, 'China'), 
 (20, 2, 'China'), 
 (21, 2, 'China'), 
 (22, 2, 'China'), 
 (23, 2, 'China'), 
 (24, 2, 'China'), 
 (25, 2, 'China'), 
 (26, 2, 'China'), 
 (27, 2, 'China'), 
 (28, 2, 'China'), 
 (29, 2, 'Russia'), 
 (30, 2, 'China'), 
 (31, 2, 'China'), 
 (32, 2, 'China'), 
 (33, 2, 'Russia'), 
 (34, 2, 'China'), 
 (35, 2, 'China'), 
 (36, 2, 'China'), 
 (37, 2, 'China'), 
 (38, 2, 'China'), 
 (39, 2, 'China'), 
 (40, 2, 'China'), 
 (41, 2, 'China'), 
 (42, 2, 'China'), 
 (43, 2, 'Russia'), 
 (44, 2, 'Russia'), 
 (45, 2, 'Russia'), 
 (46, 2, 'Vietnam'), 
 (47, 2, 'Vietnam'), 
 (48, 2, 'Vietnam'), 
 (49, 2, 'Vietnam'), 
 (50, 2, 'Vietnam'), 
 (13, 3, '100'), 
 (14, 3, '200'), 
 (15, 3, '150'), 
 (16, 3, '100'), 
 (17, 3, '150'), 
 (18, 4, '7+'), 
 (19, 4, '3+'), 
 (20, 4, '7+'), 
 (21, 4, '7+'), 
 (22, 4, '3+'), 
 (23, 4, '7+'), 
 (24, 4, '7+'), 
 (25, 4, '3+'), 
 (26, 4, '3+'), 
 (27, 4, '7+'), 
 (28, 4, '7+'), 
 (29, 4, '3+'), 
 (30, 4, '3+'), 
 (31, 4, '7+'), 
 (32, 4, '7+'), 
 (33, 4, '7+'), 
 (34, 4, '6+'), 
 (35, 4, '12+'), 
 (36, 4, '12+'), 
 (37, 4, '7+'), 
 (38, 4, '7+'), 
 (39, 4, '7+'), 
 (40, 4, '12+'), 
 (41, 4, '12+'), 
 (42, 4, '12+'), 
 (43, 4, '6+'), 
 (44, 4, '6+'), 
 (45, 4, '6+'), 
 (46, 4, '6-10'), 
 (47, 4, '6-10'), 
 (48, 4, '6-10'), 
 (49, 4, '6-10'), 
 (50, 4, '6-10'), 
 (16, 5, 'not included'), 
 (27, 5, 'not included'), 
 (28, 5, 'included'), 
 (33, 5, 'included'), 
 (35, 5, 'included'), 
 (36, 5, 'not included'), 
 (51, 2, 'Indonesia'), 
 (51, 4, '3+'), 
 (52, 2, 'Indonesia'), 
 (52, 4, '3+'), 
 (53, 2, 'Indonesia'), 
 (53, 4, '3+');

 INSERT INTO public.categories (name,  parentid) VALUES

('Main', 0), 
('Plush', 1), 
('Teddy', 2), 
('Construction Sets', 1), 
('LEGO', 4), 
('LEGO Ninjago', 5), 
('LEGO STAR WARS', 5), 
('LEGO CITY', 5), 
('Magnetic', 4), 
('Metal', 4), 
('Educational Games', 1), 
('Puzzles', 11), 
('Board Games', 11), 
('Sport Games', 13), 
('Strategy games', 13), 
('Toy Vehicles', 1), 
('Cars', 16), 
('Trains', 16), 
('Airplanes and Helicopters', 16), 
('Dolls', 1), 
('Model dolls', 20), 
('Classic dolls', 20), 
('Baby dolls', 20), 
('Remote Control Toys', 1), 
('Action Figures', 1), 
('Superheroes', 25), 
('Fantasy Characters', 25), 
('Arts and Crafts', 1), 
('Role Play and Dress-Up', 1), 
('Professions', 29), 
('Fantasy and Adventure', 29), 
('kkjmikoj', 5);


INSERT INTO public.ProductsCategories (ProductId,  CategoryId) VALUES 
(1, 6), 
(2, 6), 
(3, 6), 
(4, 7), 
(5, 7), 
(6, 8), 
(7, 8), 
(8, 8), 
(9, 9), 
(10, 9), 
(11, 10), 
(12, 10), 
(13, 12), 
(14, 12), 
(15, 12), 
(16, 12), 
(17, 12), 
(18, 14), 
(19, 14), 
(20, 14), 
(21, 14), 
(22, 15), 
(23, 15), 
(24, 15), 
(25, 17), 
(26, 17), 
(27, 18), 
(28, 18), 
(29, 19), 
(30, 19), 
(31, 21), 
(32, 21), 
(33, 22), 
(34, 23), 
(35, 24), 
(36, 24), 
(37, 26), 
(38, 26), 
(39, 26), 
(40, 27), 
(41, 27), 
(42, 27), 
(43, 28), 
(44, 28), 
(45, 28), 
(46, 30), 
(47, 30), 
(48, 31), 
(49, 31), 
(50, 31), 
(51, 3), 
(52, 3), 
(53, 3);
 
  INSERT INTO public.Orders (UserId, Date, TotalPrice, Status) VALUES
 (9, '2023-11-28 23:10:15', 121080, 'confirmed'),
 (10, '2023-11-28 23:11:41', 1193140, 'confirmed'),
 (9, '2023-12-04 17:25:06', 452376, 'confirmed'),
 (3, '2024-03-15 12:45:30', 293510, 'confirmed'),
 (7, '2025-07-21 09:33:12', 59310, 'confirmed'),
 (3, '2024-03-15 12:45:30', 38360, 'confirmed'),
 (7, '2025-07-21 09:33:12', 120450, 'confirmed'),
 (13, '2024-11-08 14:22:05', 75400, 'confirmed'),
 (3, '2024-03-15 12:45:30', 50320, 'confirmed'),
 (7, '2025-07-21 09:33:12', 120450, 'confirmed'),
 (13, '2024-11-08 14:22:05', 75400, 'confirmed'),
 (3, '2024-03-15 12:45:30', 50320, 'confirmed'),
 (7, '2025-07-21 09:33:12', 120450, 'confirmed'),
 (13, '2024-11-08 14:22:05', 75400, 'confirmed'),
 (6, '2024-05-17 19:14:37', 80600, 'confirmed'),
 (9, '2024-09-25 07:58:49', 99500, 'confirmed'),
 (3, '2024-02-10 16:40:23', 45070, 'confirmed'),
 (14, '2024-06-30 11:55:00', 130200, 'confirmed'),
 (8, '2024-08-12 22:10:45', 87500, 'confirmed'),
 (11, '2025-01-05 13:29:15', 29080, 'confirmed'),
 (6, '2024-12-19 05:45:33', 67530, 'confirmed'),
 (7, '2024-11-21 23:38:58', 113522, 'confirmed'),
 (9, '2024-04-25 15:50:18', 58599, 'confirmed'),
 (11, '2024-06-26 11:16:06', 105886, 'confirmed'),
 (15, '2024-12-19 20:46:20', 130333, 'confirmed'),
 (15, '2024-08-02 08:37:59', 103143, 'confirmed'),
 (8, '2024-12-01 18:55:24', 95549, 'confirmed'),
 (6, '2024-10-05 22:36:32', 357800, 'confirmed'),
 (7, '2024-11-06 06:00:27', 309420, 'confirmed'),
 (9, '2024-12-10 10:58:12', 71277, 'confirmed'),
 (3, '2025-01-14 14:57:54', 34503, 'confirmed');

 
  INSERT INTO public.OrdersProducts (OrderId, ProductId, Quantity, Price) VALUES
 (1, 31, 6, 24090),
 (1, 32, 3, 72270),
 (2, 49, 1, 12670),
 (2, 50, 1, 15670),
 (3, 35, 6, 27540),
 (1, 52, 8, 24720),
 (2, 48, 7, 89390),
 (3, 5, 4, 400916),
 (4, 1, 5, 149450),
 (5, 39, 9, 59310),
 (6, 36, 3, 28770),
 (7, 20, 1, 12990),
 (8, 1, 10, 298900),
 (9, 53, 6, 82740),
 (10, 10, 9, 98910),
 (11, 22, 1, 2790),
 (14, 42, 6, 64140),
 (12, 6, 9, 1075410),
 (13, 21, 6, 47340),
 (15, 37, 1, 9590),
 (16, 1, 6, 179340),
 (17, 21, 9, 71010),
 (18, 11, 8, 79920),
 (19, 51, 10, 58900),
 (20, 13, 8, 23920),
 (21, 52, 8, 24720),
 (22, 48, 7, 89390),
 (23, 5, 4, 400916),
 (25, 1, 5, 149450),
 (24, 39, 9, 59310),
 (26, 36, 3, 28770),
 (27, 20, 1, 12990),
 (28, 1, 10, 298900),
 (29, 53, 6, 82740),
 (30, 10, 9, 98910),
 (31, 22, 1, 2790),
 (4, 42, 6, 64140),
 (2, 6, 9, 1075410),
 (29, 21, 6, 47340),
 (6, 37, 1, 9590),
 (29, 1, 6, 179340),
 (15, 21, 9, 71010),
 (4, 11, 8, 79920),
 (28, 51, 10, 58900),
 (3, 13, 8, 23920);